{"sgc":true,"sfy":false,"qfy":false,"lrc":{"version":8,"lyric":"[ti:再生恋]\n[ar:林忆莲]\n[00:14.605]（白）一朝春尽红颜老花落人亡两不知\n[00:32.24]没法解释的印象像已知必须这样\n[00:42.403]共你彷佛早己像相识那样\n[00:52.228]像见过的肩膊上像吻过的颈背上\n[01:02.448]在这赤裸的晚上载着狂想\n[01:15.118]外表你或已改变但总觉在这生前\n[01:25.52]荡於某段时空里曾共你这样\n[01:35.510]像一生等你像一生等你\n[01:45.910]可否讲我知你的感觉也跟我一样\n[01:54.84]曾远离曾共相恋千年长\n[02:04.876]像个再生的故事未有说出一个字\n[02:14.749]但已彷佛知会是震撼如此\n[02:27.327]像知你是我方向像早注定这一场\n[02:37.396]像知某段时空里曾共你这样\n[02:48.67]像一生等你像一生等你\n[02:58.119]可否讲我知你的感觉也跟我一样\n[03:08.345]words cannot describe,no one can alter...\n[03:11.347]we have gone beyond all limits of space and time\n[03:17.356]是你勾起隔世感觉犹如汗香\n[03:25.16]纵别离后都居於炽热唇上啊....\n[03:47.120]像一生等你像一生等你\n[03:57.448]可否讲我知你的感觉也跟我一样\n[04:02.358]像一生等你像一生等你\n[04:18.86]可否讲我知你的感觉也跟我一样\n[05:38.260]和我来延续他生的事吧爱吧\n[05:38.810]和我来重造他生的梦吧恋吧\n[05:39.365]和我来重滴他生的汗吧疯吧\n[05:39.915]和我来重述他生的梦话讲吧\n[05:40.465]长发仍如在他生黑夜下散下\n[05:41.15]如你仍明白今生心内话躺吧\n[05:41.574]（白）一朝春尽红颜老花落人亡两不知\n"},"tlyric":{"version":0,"lyric":null},"code":200}